,date_mutation,valeur_fonciere,surface_reelle_bati,code_postal,longitude,latitude
1556611,2018-01-06,85605.0,17.0,69009.0,4.804004,45.768488
1556613,2018-01-03,232800.0,40.0,69001.0,4.831404,45.770317999999996
1556616,2018-01-02,260000.0,45.0,69002.0,4.835637,45.759196
1556624,2018-01-08,182100.0,79.0,69005.0,4.781517,45.754104999999996
1556625,2018-01-08,146000.0,34.0,69004.0,4.832068,45.779348
1556628,2018-01-08,565000.0,119.0,69005.0,4.827212,45.762346
1556636,2018-01-09,443550.0,38.0,69004.0,4.832068,45.779348
1556637,2018-01-09,443550.0,45.0,69004.0,4.832068,45.779348
1556638,2018-01-11,313550.0,68.0,69004.0,4.835794,45.776084999999995
1556639,2018-01-10,103000.0,19.0,69005.0,4.826909,45.762840000000004
1556642,2018-01-16,240000.0,75.0,69005.0,4.806853,45.759279
1556646,2018-01-12,250000.0,103.0,69005.0,4.786791,45.760831
1556650,2018-01-12,291400.0,95.0,69005.0,4.797315,45.754569000000004
1556651,2018-01-04,158340.0,81.0,69005.0,4.787471,45.747831
1556652,2018-01-09,165000.0,38.0,69002.0,4.828822,45.756389
1556654,2018-01-11,285000.0,97.0,69005.0,4.804530000000001,45.754818
1556667,2018-01-15,320000.0,95.0,69005.0,4.774038,45.752171999999995
1556681,2018-01-05,431000.0,75.0,69004.0,4.8371580000000005,45.779477
1556683,2018-01-10,345000.0,93.0,69001.0,4.826084,45.769740999999996
1556688,2018-01-09,194600.0,63.0,69009.0,4.804329,45.778267
1556689,2018-01-17,375000.0,79.0,69002.0,4.831123000000001,45.751090000000005
1556693,2018-01-19,615000.0,136.0,69004.0,4.822755,45.778273999999996
1556695,2018-01-10,225000.0,52.0,69004.0,4.838431,45.778483
1556696,2018-01-10,526970.0,104.0,69002.0,4.83285,45.763921
1556702,2018-01-11,238500.0,50.0,69004.0,4.834539,45.778285
1556711,2018-01-08,161900.0,88.0,69005.0,4.78332,45.750748
1556712,2018-01-08,184450.0,89.0,69009.0,4.828809,45.800778
1556713,2018-01-15,200000.0,51.0,69002.0,4.82805,45.746778000000006
1556714,2018-01-08,313450.0,57.0,69004.0,4.832606,45.776953999999996
1556715,2018-01-08,283000.0,86.0,69009.0,4.813067,45.766366999999995
1556717,2018-01-08,283000.0,61.0,69009.0,4.813067,45.766366999999995
1556722,2018-01-18,178400.0,43.0,69009.0,4.801468,45.7717
1556727,2018-01-19,302560.0,57.0,69001.0,4.8325059999999995,45.770194000000004
1556728,2018-01-15,216500.0,60.0,69009.0,4.8027120000000005,45.768411
1556730,2018-01-15,133000.0,45.0,69009.0,4.802128,45.783997
1556731,2018-01-15,145900.0,32.0,69001.0,4.825158,45.771731
1556733,2018-01-17,274500.0,68.0,69005.0,4.774088,45.750840999999994
1556737,2018-01-17,178000.0,88.0,69005.0,4.78332,45.750748
1556743,2018-01-17,445000.0,90.0,69002.0,4.833633,45.761783
1556751,2018-01-05,95000.0,36.0,69005.0,4.805585,45.754659000000004
1556756,2018-01-17,250000.0,51.0,69004.0,4.8303,45.778153
1556758,2018-01-18,315000.0,65.0,69004.0,4.834291,45.775452
1556761,2018-01-09,170000.0,55.0,69009.0,4.807256,45.771667
1556767,2018-01-16,255000.0,103.0,69005.0,4.803684,45.753161999999996
1556769,2018-01-03,308000.0,75.0,69009.0,4.807658,45.770561
1556771,2018-01-10,498750.0,108.0,69001.0,4.829937,45.767184
1556772,2018-01-10,135000.0,25.0,69004.0,4.829434,45.77523
1556783,2018-01-03,100000.0,40.0,69001.0,4.832859,45.771019
1556787,2018-01-19,202000.0,44.0,69004.0,4.823416,45.776579999999996
1556794,2018-01-25,285600.0,50.0,69004.0,4.827381,45.776539
1556795,2018-01-19,140000.0,28.0,69005.0,4.822088,45.753437
1556800,2018-01-08,353050.0,56.0,69002.0,4.83789,45.763717
1556808,2018-01-12,316720.0,70.0,69001.0,4.833511,45.76963
1556810,2018-01-17,551600.0,120.0,69001.0,4.835323000000001,45.767227
1556811,2018-01-19,186250.0,56.0,69009.0,4.8175040000000005,45.766318
1556821,2018-01-09,125000.0,22.0,69001.0,4.832435,45.766417
1556822,2018-01-11,135750.0,51.0,69009.0,4.792123999999999,45.765334
1556824,2018-01-05,138000.0,36.0,69002.0,4.832527,45.760752000000004
1556825,2018-01-23,553200.0,91.0,69004.0,4.817108999999999,45.776838
1556828,2018-01-09,220000.0,70.0,69002.0,4.836513,45.760861
1556829,2018-01-16,268800.0,68.0,69004.0,4.822603,45.777073
1556838,2018-01-04,421800.0,68.0,69004.0,4.82634,45.775028000000006
1556839,2018-01-04,236000.0,62.0,69001.0,4.831848,45.770961
1556841,2018-01-23,100500.0,28.0,69009.0,4.805594,45.780322999999996
1556843,2018-01-22,104000.0,21.0,69002.0,4.832029,45.760942
1556852,2018-01-05,142000.0,35.0,69002.0,4.82805,45.746778000000006
1556854,2018-01-03,64500.0,40.0,69009.0,4.795655,45.78264
1556858,2018-01-08,181850.0,64.0,69005.0,4.808969,45.758518
1556865,2018-01-18,165993.62,41.0,69005.0,4.800885,45.759285999999996
1556867,2018-01-12,416100.0,100.0,69001.0,4.833511,45.76963
1556881,2018-01-22,100000.0,60.0,69005.0,4.826357,45.767296
1556886,2018-01-05,65000.0,92.0,69005.0,4.808305000000001,45.753840999999994
1556893,2018-01-29,217050.0,58.0,69009.0,4.81094,45.771370000000005
1556895,2018-01-09,266750.0,50.0,69004.0,4.829002,45.774919
1556897,2018-01-19,155500.0,65.0,69005.0,4.798531,45.763096000000004
1556898,2018-01-23,388100.75,105.0,69001.0,4.831494999999999,45.766527
1556902,2018-01-17,400000.0,107.0,69002.0,4.83394,45.762397
1556906,2018-01-26,319100.0,77.0,69002.0,4.821231,45.742243
1556908,2018-01-05,252500.0,67.0,69005.0,4.809341000000001,45.751776
1556909,2018-01-19,570000.0,89.0,69002.0,4.825239,45.752146999999994
1556911,2018-01-29,288000.0,70.0,69002.0,4.826067,45.745727
1556912,2018-01-24,220000.0,83.0,69005.0,4.810137999999999,45.750238
1556920,2018-01-16,150000.0,57.0,69002.0,4.822792,45.742898
1556921,2018-01-17,191500.0,35.0,69002.0,4.832925,45.764317
1556923,2018-01-17,140500.0,60.0,69009.0,4.804403,45.767799
1556925,2018-01-08,260000.0,96.0,69009.0,4.825529,45.800121000000004
1556931,2018-01-15,234000.0,68.0,69005.0,4.812973,45.748421
1556938,2018-02-01,150000.0,54.0,69009.0,4.792781,45.772703
1556941,2018-01-10,393200.0,90.0,69002.0,4.836314,45.7652
1556942,2018-01-17,108100.0,45.0,69009.0,4.804403,45.767799
1556943,2018-01-04,285000.0,46.0,69001.0,4.822597,45.772526
1556944,2018-01-08,381000.0,68.0,69004.0,,
1556949,2018-01-29,105000.0,22.0,69002.0,4.822118,45.747138
1556958,2018-01-10,660000.0,119.0,69004.0,4.818871,45.78537
1556967,2018-01-25,209000.0,44.0,69001.0,4.833548,45.768005
1556968,2018-01-26,340000.0,70.0,69004.0,4.832104,45.78027
1556971,2018-01-30,246450.0,120.0,69009.0,4.792123999999999,45.765334
1556973,2018-01-17,201100.0,70.0,69005.0,4.797558,45.751172
1556975,2018-01-31,400000.0,93.0,69004.0,4.829680000000001,45.777687
1556976,2018-01-29,172800.0,35.0,69001.0,4.826233,45.770627000000005
1556977,2018-01-23,132000.0,29.0,69002.0,4.832171,45.754542
1556981,2018-01-17,106900.0,45.0,69009.0,4.804403,45.767799
1556982,2018-01-11,230000.0,64.0,69002.0,4.823029,45.742368
1556990,2018-01-27,510500.0,95.0,69002.0,4.831827,45.752251
1556994,2018-01-10,58000.0,17.0,69001.0,4.832549,45.76829
1556995,2018-01-31,230400.0,75.0,69005.0,4.786594999999999,45.75107
1556996,2018-01-29,307890.0,39.0,69004.0,4.825889,45.776142
1557000,2018-01-29,307890.0,70.0,69004.0,4.825889,45.776142
1557004,2018-01-23,240000.0,66.0,69002.0,4.832688,45.759478
1557019,2018-01-23,170000.0,43.0,69001.0,4.823917,45.772175
1557020,2018-01-31,86100.0,28.0,69004.0,4.832098,45.780125
1557025,2018-01-22,695000.0,135.0,69009.0,4.81778,45.790439
1557030,2018-01-23,473000.0,80.0,69004.0,4.825638,45.774205
1557031,2018-02-02,537000.0,103.0,69002.0,4.828572,45.753855
1557033,2018-01-31,153000.0,73.0,69005.0,4.7919220000000005,45.748626
1557035,2018-01-26,165000.0,80.0,69009.0,4.802697,45.785959999999996
1557039,2018-01-26,224700.0,69.0,69009.0,4.808175,45.770241
1557041,2018-01-22,185200.0,91.0,69009.0,4.818862,45.796104
1557047,2018-01-18,205000.0,46.0,69002.0,4.831539,45.759212
1557048,2018-01-09,92500.0,25.0,69001.0,4.835380000000001,45.766825
1557051,2018-01-10,108000.0,79.0,69001.0,4.833316,45.770059
1557053,2018-02-02,160000.0,54.0,69009.0,4.792781,45.772703
1557055,2018-01-09,215000.0,70.0,69005.0,4.7930589999999995,45.749140999999995
1557057,2018-02-01,187000.0,57.0,69009.0,4.8116080000000006,45.767389
1557058,2018-01-30,650000.0,166.0,69002.0,4.826255000000001,45.755083
1557062,2018-01-23,120000.0,60.0,69005.0,4.806994,45.754627
1557063,2018-01-11,164000.0,31.0,69002.0,4.835128,45.761990000000004
1557065,2018-01-25,314000.0,60.0,69004.0,4.829148,45.777485999999996
1557066,2018-01-10,229000.0,45.0,69005.0,4.827541,45.765229999999995
1557068,2018-01-17,263000.0,61.0,69005.0,4.809565,45.757157
1557069,2018-01-24,546000.0,86.0,69002.0,4.834519,45.764344
1557070,2018-01-31,176900.0,60.0,69002.0,4.829162999999999,45.747738
1557073,2018-02-01,130000.0,39.0,69002.0,4.829162999999999,45.747738
1557081,2018-01-24,250000.0,64.0,69009.0,4.802065,45.773879
1557082,2018-01-26,135000.0,45.0,69001.0,4.828454,45.768949
1557083,2018-01-19,166500.0,97.0,69009.0,4.794036,45.78413
1557086,2018-01-12,373180.0,115.0,69009.0,4.825138,45.798862
1557089,2018-01-12,101525.0,72.0,69009.0,4.803448,45.789081
1557096,2018-01-15,590950.0,107.0,69002.0,4.830973999999999,45.752253
1557097,2018-01-25,265000.0,46.0,69004.0,4.830794,45.776739
1557098,2018-01-30,130000.0,32.0,69001.0,4.826264,45.770259
1557104,2018-02-05,377000.0,81.0,69004.0,4.817945,45.785799
1557105,2018-01-29,263500.0,82.0,69009.0,4.8075779999999995,45.778875
1557107,2018-01-26,160000.0,65.0,69009.0,4.813329,45.76713
1557113,2018-01-23,129000.0,47.0,69005.0,4.791332,45.748262
1557116,2018-01-11,286350.0,82.0,69005.0,4.791286,45.755573999999996
1557127,2018-02-07,409000.0,78.0,69001.0,4.8160110000000005,45.770464000000004
1557129,2018-01-12,100000.0,18.0,69001.0,4.834658999999999,45.770363
1557144,2018-01-31,257850.0,45.0,69001.0,4.826242,45.77017
1557152,2018-01-25,247200.0,88.0,69009.0,4.793864,45.787665999999994
1557153,2018-01-15,50350.0,18.0,69002.0,4.822843,45.746553999999996
1557156,2018-01-30,125000.0,60.0,69009.0,4.804403,45.767799
1557160,2018-01-22,160000.0,34.0,69005.0,4.827822,45.764049
1557162,2018-01-31,516700.0,115.0,69004.0,4.8185709999999995,45.775683
1557164,2018-01-03,430000.0,83.0,69002.0,4.833226,45.761487
1557166,2018-02-05,176000.0,49.0,69005.0,4.815704,45.756236
1557170,2018-02-05,219430.0,58.0,69001.0,4.836943,45.769849
1557175,2018-01-22,336000.0,94.0,69005.0,4.798871,45.754653000000005
1557179,2018-01-25,275000.0,25.0,69001.0,4.832435,45.766417
1557180,2018-01-25,275000.0,18.0,69001.0,4.832435,45.766417
1557182,2018-02-07,127000.0,64.0,69005.0,4.80086,45.751197
1557190,2018-01-30,425000.0,96.0,69001.0,4.831208,45.767127
1557191,2018-01-19,240000.0,66.0,69005.0,4.79777,45.755554
1557194,2018-01-18,309467.0,87.0,69009.0,4.832475,45.803691
1557211,2018-01-15,121000.0,33.0,69001.0,4.835354,45.768892
1557214,2018-02-02,165000.0,38.0,69002.0,4.82451,45.742995
1557216,2018-02-09,208000.0,77.0,69005.0,4.786791,45.760831
1557219,2018-02-05,195800.0,52.0,69009.0,4.802087,45.774738
1557222,2018-01-17,302500.0,30.0,69001.0,4.832435,45.766417
1557223,2018-01-17,302500.0,22.0,69001.0,4.832435,45.766417
1557226,2018-02-02,265000.0,66.0,69009.0,4.805649,45.778525
1557227,2018-02-08,254000.0,89.0,69009.0,4.832,45.800607
1557230,2018-01-25,120000.0,17.0,69001.0,4.824419,45.768963
1557231,2018-01-16,134800.0,25.0,69001.0,4.831388,45.772442
1557235,2018-02-05,416900.0,63.0,69004.0,4.824243,45.77571
1557239,2018-02-01,489000.0,116.0,69005.0,4.811641000000001,45.750173
1557241,2018-01-23,140000.0,49.0,69009.0,4.806213,45.778096000000005
1557250,2018-02-09,549900.0,100.0,69002.0,4.8288269999999995,45.750262
1557255,2018-01-30,490850.0,105.0,69001.0,4.831467,45.766715000000005
1557260,2018-02-15,224850.0,115.0,69009.0,4.791791,45.76608
1557262,2018-01-25,240000.0,57.0,69005.0,4.8185720000000005,45.755204
1557265,2018-01-30,230000.0,55.0,69001.0,4.829956,45.76979
1557266,2018-02-09,290000.0,62.0,69001.0,4.82506,45.772232
1557269,2018-02-02,402500.0,82.0,69005.0,4.826736,45.759347
1557270,2018-02-05,192000.0,65.0,69005.0,4.823689,45.757397999999995
1557283,2018-01-23,180000.0,37.0,69002.0,4.830608,45.755841
1557285,2018-02-05,477400.0,90.0,69005.0,4.793918,45.758907
1557289,2018-01-18,249000.0,49.0,69002.0,4.828553,45.756295
1557294,2018-01-29,83500.0,17.0,69004.0,4.835458999999999,45.777014
1557295,2018-02-02,385000.0,78.0,69004.0,4.835495,45.778124
1557297,2018-02-07,610000.0,126.0,69001.0,4.8160110000000005,45.770464000000004
1557298,2018-02-06,247320.0,45.0,69004.0,4.838861,45.780923
1557301,2018-01-31,307730.0,55.0,69001.0,4.8371319999999995,45.772249
1557308,2018-01-24,235000.0,58.0,69002.0,4.824668,45.751286
1557326,2018-01-25,283000.0,67.0,69004.0,4.8356449999999995,45.779872
1557349,2018-01-26,326400.0,87.0,69004.0,4.828771,45.781504
1557350,2018-02-10,230500.0,76.0,69005.0,4.814280999999999,45.756994
1557351,2018-02-16,165000.0,80.0,69009.0,4.790103,45.764871
1557352,2018-01-25,230000.0,42.0,69001.0,4.835358,45.765423999999996
1557366,2018-01-31,190560.0,47.0,69002.0,4.819839,45.748086
1557385,2018-02-05,445000.0,110.0,69004.0,4.838223999999999,45.779641999999996
1557389,2018-02-23,850000.0,108.0,69002.0,4.836345,45.761515
1557396,2018-02-21,335000.0,85.0,69004.0,4.821976,45.787423
1557408,2018-02-02,113000.0,68.0,69005.0,4.8247599999999995,45.757834
1557411,2018-02-14,280000.0,77.0,69004.0,4.824481,45.781484000000006
1557412,2018-02-15,242500.0,50.0,69002.0,4.8266849999999994,45.751921
1557413,2018-02-02,599000.0,100.0,69002.0,4.831791,45.761449
1557415,2018-02-08,300000.0,47.0,69001.0,4.8313809999999995,45.77101
1557416,2018-02-14,150000.0,50.0,69001.0,4.831892,45.770404
1557425,2018-01-26,372900.0,101.0,69004.0,4.821976,45.787423
1557427,2018-02-16,238700.0,69.0,69005.0,4.799029,45.753232000000004
1557429,2018-02-28,234000.0,32.0,69004.0,4.82279,45.775062
1557433,2018-02-16,176900.0,76.0,69009.0,4.818862,45.796104
1557464,2018-02-26,354800.0,59.0,69004.0,4.838668,45.775062
1557469,2018-02-15,375000.0,93.0,69002.0,4.827271,45.756415000000004
1557474,2018-03-01,195000.0,70.0,69005.0,4.808248000000001,45.75553
1557518,2018-02-20,145300.0,56.0,69009.0,4.808866,45.762440999999995
1557525,2018-02-16,198600.0,83.0,69005.0,4.793515,45.760768
1557526,2018-02-26,133000.0,57.0,69001.0,4.837011,45.769177
1557532,2018-02-12,120000.0,57.0,69009.0,4.821956,45.798716
1557533,2018-03-05,170000.0,48.0,69004.0,4.839695,45.777148
1557534,2018-02-20,425160.0,81.0,69009.0,4.80347,45.775981
1557542,2018-02-28,121200.0,83.0,69009.0,4.795655,45.78264
1557569,2018-02-20,238500.0,79.0,69009.0,4.8063139999999995,45.765646999999994
1557575,2018-02-02,166680.0,86.0,69002.0,4.829376,45.749483000000005
1557576,2018-02-07,98500.0,18.0,69002.0,4.825065,45.743833
1557579,2018-02-27,192770.0,32.0,69002.0,4.831576999999999,45.756507
1557582,2018-02-28,165000.0,49.0,69004.0,4.830794,45.776739
1557587,2018-03-01,234000.0,104.0,69009.0,4.792123999999999,45.765334
1557589,2018-03-02,180330.0,36.0,69005.0,4.828172,45.762962
1557596,2018-03-14,614000.0,133.0,69001.0,4.824039,45.77218
1557597,2018-03-08,142700.0,38.0,69009.0,4.802604,45.775383000000005
1557598,2018-02-28,226000.0,55.0,69001.0,4.827942,45.77115
1557604,2018-03-16,407000.0,82.0,69002.0,4.831827,45.752251
1557617,2018-03-16,131500.0,27.0,69001.0,4.83552,45.769141
1557622,2018-03-20,584300.0,107.0,69002.0,4.829418,45.750564000000004
1557627,2018-02-27,297200.0,77.0,69004.0,4.821419000000001,45.782081
1557628,2018-03-12,106380.0,25.0,69009.0,4.802388,45.775028999999996
1557629,2018-02-28,260000.0,60.0,69005.0,4.826755,45.759559
1557630,2018-02-28,165000.0,58.0,69009.0,4.808517,45.787805999999996
1557633,2018-03-02,582000.0,97.0,69004.0,,
1557639,2018-03-02,234500.0,77.0,69009.0,4.806267,45.777395
1557641,2018-03-05,350000.0,90.0,69001.0,4.833626000000001,45.768383
1557648,2018-03-08,170200.0,75.0,69005.0,4.8024309999999995,45.752041
1557651,2018-03-09,239400.0,52.0,69002.0,4.829251999999999,45.751819
1557652,2018-03-15,181693.0,79.0,69005.0,4.777141,45.752955
1557655,2018-03-01,346000.0,71.0,69002.0,4.818448,45.744913000000004
1557658,2018-03-09,258170.0,35.0,69002.0,4.8291379999999995,45.750182
1557667,2018-03-23,150680.0,69.0,69005.0,4.786061,45.757444
1557668,2018-03-07,115000.0,28.0,69005.0,4.827111,45.765093
1557669,2018-03-16,204000.0,40.0,69004.0,4.831306,45.778227
1557679,2018-03-16,341250.0,57.0,69001.0,4.825941,45.772214
1557680,2018-03-29,335500.0,94.0,69009.0,4.802065,45.773879
1557683,2018-03-29,211000.0,65.0,69009.0,4.800715,45.768181
1557695,2018-03-21,379000.0,68.0,69004.0,,
1557700,2018-03-19,467083.0,78.0,69004.0,4.833532,45.775771999999996
1557701,2018-03-19,467083.0,23.0,69004.0,4.833532,45.775771999999996
1557702,2018-03-27,127850.0,62.0,69009.0,4.8035190000000005,45.788472
1557703,2018-03-29,276650.0,60.0,69001.0,4.825481,45.769734
1557706,2018-04-11,62000.0,18.0,69009.0,4.804817,45.777988
1557708,2018-04-12,190000.0,89.0,69005.0,4.785747,45.74985
1557715,2018-04-26,275200.0,69.0,69005.0,4.792314,45.755252
1557718,2018-04-17,150000.0,65.0,69005.0,4.819448,45.761018
1557719,2018-04-27,200800.0,45.0,69001.0,4.830385,45.767345
1557722,2018-04-26,470000.0,35.0,69002.0,4.830868,45.756264
1557723,2018-04-26,470000.0,24.0,69002.0,4.830868,45.756264
1557724,2018-04-26,470000.0,76.0,69002.0,4.830868,45.756264
1557730,2018-04-03,374000.0,129.0,69004.0,4.814819,45.777088
1557732,2018-04-17,225000.0,50.0,69002.0,4.835237,45.765084
1557734,2018-04-23,155000.0,52.0,69005.0,4.811408999999999,45.75782
1557738,2018-04-13,255000.0,103.0,69005.0,4.803684,45.753161999999996
1557739,2018-04-09,438000.0,102.0,69002.0,4.837898,45.762353999999995
1557748,2018-04-13,230000.0,60.0,69004.0,4.821797,45.775682
1557749,2018-04-12,350000.0,70.0,69001.0,4.835168,45.770747
1557750,2018-04-27,83010.0,20.0,69004.0,4.8401510000000005,45.779882
1557758,2018-04-17,209900.0,86.0,69009.0,4.793864,45.787665999999994
1557761,2018-04-18,278100.0,84.0,69002.0,4.82396,45.747181
1557764,2018-04-23,218000.0,38.0,69002.0,4.8224029999999996,45.748635
1557765,2018-05-09,490000.0,148.0,69004.0,4.8230319999999995,45.777284
1557772,2018-04-30,233350.0,63.0,69009.0,4.805213,45.771314000000004
1557774,2018-05-16,247000.0,76.0,69004.0,4.835733,45.777840999999995
1557775,2018-05-03,120000.0,20.0,69001.0,4.828074,45.772059000000006
1557776,2018-05-03,120000.0,15.0,69001.0,4.828074,45.772059000000006
1557778,2018-04-27,700000.0,124.0,69004.0,4.831306,45.778227
1557779,2018-04-23,91500.0,22.0,69005.0,4.82712,45.762594
1557781,2018-05-23,149435.0,63.0,69009.0,4.806677,45.78671
1557783,2018-05-15,75000.0,20.0,69002.0,4.826023999999999,45.744206
1557784,2018-05-15,75000.0,20.0,69002.0,4.826023999999999,45.744206
1557785,2018-05-03,212000.0,58.0,69005.0,4.77508,45.751785
1557789,2018-05-18,153000.0,62.0,69004.0,4.814385,45.772240999999994
1557791,2018-04-27,427750.0,95.0,69001.0,4.835013,45.769936
1557797,2018-05-18,226000.0,49.0,69001.0,4.829549,45.77362
1557799,2018-05-18,148950.0,69.0,69005.0,4.78332,45.750748
1557803,2018-04-26,337000.0,93.0,69005.0,4.7969919999999995,45.756914
1557805,2018-05-17,165000.0,59.0,69009.0,4.810046,45.783014
1557812,2018-05-23,114000.0,56.0,69005.0,4.787471,45.747831
1557818,2018-05-14,150000.0,46.0,69005.0,4.795252,45.757567
1557820,2018-05-04,195000.0,30.0,69001.0,4.832231,45.765454
1557824,2018-05-22,242000.0,43.0,69001.0,4.833989,45.771288
1557826,2018-05-17,440000.0,115.0,69004.0,4.838248,45.774438
1557827,2018-05-17,335000.0,66.0,69001.0,4.822597,45.772526
1557829,2018-05-18,169000.0,78.0,69009.0,4.807531,45.762827
1557830,2018-05-22,244390.0,41.0,69001.0,4.83132,45.773029
1557837,2018-05-15,572500.0,106.0,69001.0,4.826372,45.768601000000004
1557840,2018-05-04,175000.0,56.0,69005.0,4.820805,45.76667
1557843,2018-05-17,118000.0,50.0,69001.0,4.829628,45.768915
1557849,2018-05-25,545000.0,120.0,69004.0,4.827547,45.776875
1557856,2018-05-09,309000.0,73.0,69004.0,4.81227,45.779515
1557881,2018-05-28,278680.0,78.0,69002.0,4.822118,45.747138
1557888,2018-05-31,209625.0,76.0,69005.0,4.79209,45.758592
1557946,2018-06-01,110670.0,65.0,69005.0,4.792314,45.755252
1557948,2018-05-31,115580.0,26.0,69001.0,4.828436,45.771328000000004
1557949,2018-05-29,147000.0,77.0,69005.0,4.781517,45.754104999999996
1557950,2018-05-25,375000.0,100.0,69005.0,4.826671,45.762132
1557951,2018-05-25,100000.0,25.0,69005.0,4.809414,45.758801
1557952,2018-06-06,278000.0,45.0,69001.0,4.836444999999999,45.769434000000004
1557953,2018-05-14,675000.0,167.0,69004.0,4.837984,45.778946999999995
1557956,2018-05-24,395100.0,87.0,69001.0,4.818114,45.771805
1557957,2018-06-07,262000.0,57.0,69004.0,4.837606,45.781351
1557959,2018-05-30,375000.0,68.0,69001.0,4.835253,45.766655
1557960,2018-05-25,344500.0,100.0,69004.0,4.838279,45.774107
1557961,2018-05-18,105000.0,34.0,69009.0,4.80295,45.773782000000004
1557963,2018-05-18,387000.0,89.0,69001.0,4.8335669999999995,45.771149
1557964,2018-06-01,230500.0,28.0,69002.0,4.826564,45.75376
1557965,2018-05-28,135000.0,43.0,69004.0,4.834944999999999,45.780368
1557966,2018-05-28,135000.0,45.0,69004.0,4.834944999999999,45.780368
1557967,2018-05-25,125000.0,35.0,69004.0,4.8336440000000005,45.777019
1557970,2018-06-08,270335.0,63.0,69009.0,4.801211,45.776387
1557982,2018-05-23,415000.0,68.0,69001.0,4.833811,45.772704
1557987,2018-05-25,125000.0,47.0,69005.0,4.7934,45.756997999999996
1557998,2018-06-08,223000.0,87.0,69005.0,4.802879,45.75295
1558001,2018-06-15,230000.0,69.0,69005.0,4.774088,45.750840999999994
1558004,2018-06-18,692800.0,128.0,69004.0,4.826731,45.780428
1558007,2018-06-05,136500.0,65.0,69005.0,4.786791,45.760831
1558010,2018-06-07,170000.0,83.0,69009.0,4.794352,45.77109
1558011,2018-06-18,100000.0,35.0,69005.0,4.828591,45.763899
1558012,2018-06-14,215000.0,36.0,69002.0,4.834318,45.761761
1558017,2018-06-15,322500.0,70.0,69005.0,4.77508,45.751785
1558026,2018-06-18,800000.0,198.0,69002.0,4.833287,45.753091999999995
1558030,2018-06-14,152000.0,48.0,69005.0,4.797912,45.750793
1558035,2018-07-06,152000.0,52.0,69009.0,4.80295,45.773782000000004
1558037,2018-07-13,138200.0,59.0,69009.0,4.804403,45.767799
1558039,2018-07-23,64000.0,18.0,69009.0,4.806464,45.76954
1558042,2018-06-27,237650.0,80.0,69009.0,4.806213,45.778096000000005
1558048,2018-07-26,1000000.0,196.0,69002.0,4.831479,45.754856
1558049,2018-07-26,1000000.0,25.0,69002.0,4.831479,45.754856
1558050,2018-07-25,156000.0,50.0,69009.0,4.810868,45.770379999999996
1558052,2018-07-26,818000.0,154.0,69002.0,4.83071,45.755066
1558053,2018-08-02,159900.0,45.0,69005.0,4.812092,45.757666
1558055,2018-07-13,309000.0,100.0,69009.0,4.79092,45.767773
1558056,2018-08-02,325000.0,75.0,69004.0,4.828822,45.779721
1558058,2018-07-30,135000.0,22.0,69004.0,4.825216,45.77647
1558060,2018-07-30,336650.0,73.0,69004.0,4.829148,45.777485999999996
1558062,2018-07-25,674530.0,113.0,69001.0,4.8306059999999995,45.766568
1558064,2018-07-12,461200.0,94.0,69004.0,4.821872,45.777057
1558071,2018-07-13,504400.0,110.0,69005.0,4.783358,45.752995
1558072,2018-07-12,345190.0,80.0,69004.0,4.831780999999999,45.779209
1558074,2018-07-13,445000.0,110.0,69005.0,4.795053,45.75502
1558081,2018-08-06,541270.0,114.0,69001.0,4.837011,45.769177
1558082,2018-07-23,150000.0,25.0,69002.0,4.832325,45.763998
1558087,2018-07-19,155000.0,73.0,69009.0,4.811681,45.770358
1558088,2018-07-19,155000.0,36.0,69009.0,4.811681,45.770358
1558089,2018-07-19,182000.0,40.0,69002.0,4.818773,45.742459999999994
1558091,2018-07-20,441250.0,108.0,69005.0,4.818691,45.760526
1558097,2018-07-24,305000.0,60.0,69005.0,4.824898,45.759401000000004
1558098,2018-08-02,178605.0,52.0,69005.0,4.807843,45.757199
1558100,2018-08-02,362900.0,98.0,69004.0,4.838248,45.774438
1558101,2018-08-03,160000.0,61.0,69002.0,4.820812,45.743241999999995
1558102,2018-08-03,474750.0,143.0,69005.0,4.811383999999999,45.75862
1558114,2018-08-06,189500.0,56.0,69005.0,4.809341000000001,45.751776
1558115,2018-08-03,437100.0,106.0,69009.0,4.802065,45.773879
1558118,2018-08-06,164400.0,33.0,69001.0,4.834148,45.771667
1558119,2018-08-06,153000.0,30.0,69002.0,4.833068,45.763014
1558121,2018-07-27,493000.0,81.0,69004.0,4.837788,45.776955
1558124,2018-08-03,981750.0,153.0,69002.0,4.836461,45.76477
1558126,2018-08-10,715000.0,58.0,69004.0,4.826105999999999,45.779029
1558127,2018-08-10,715000.0,160.0,69004.0,4.826105999999999,45.779029
1558133,2018-07-30,130000.0,53.0,69005.0,4.80086,45.751197
1558138,2018-08-10,330000.0,60.0,69002.0,4.829151,45.752587
1558142,2018-08-09,273860.0,60.0,69005.0,4.820459,45.766449
1558144,2018-08-29,90000.0,32.0,69005.0,4.777141,45.752955
1558147,2018-09-11,140000.0,60.0,69005.0,4.784293,45.751694
1558148,2018-09-12,139830.0,58.0,69009.0,4.808517,45.787805999999996
1558149,2018-09-05,280000.0,78.0,69002.0,4.825227,45.744754
1558153,2018-08-30,200000.0,48.0,69009.0,4.808175,45.770241
1558161,2018-09-27,156000.0,78.0,69005.0,4.78293,45.757056
1558166,2018-09-17,158000.0,19.0,69002.0,4.832725,45.764268
1558169,2018-09-14,226700.0,49.0,69004.0,4.8108010000000005,45.777136
1558171,2018-10-03,140000.0,17.0,69004.0,4.831216,45.777837
1558172,2018-10-03,140000.0,17.0,69004.0,4.831216,45.777837
1558173,2018-09-03,250000.0,48.0,69002.0,4.831286,45.751571999999996
1558174,2018-09-25,179500.0,58.0,69005.0,4.792746,45.754049
1558179,2018-09-26,115000.0,28.0,69009.0,4.803454,45.771840000000005
1558181,2018-09-24,151500.0,35.0,69001.0,4.827452,45.769228999999996
1558183,2018-10-01,280800.0,89.0,69005.0,4.774822,45.752001
1558185,2018-09-26,173000.0,52.0,69009.0,4.807505,45.771719
1558189,2018-09-17,178000.0,45.0,69004.0,4.833862,45.777746
1558190,2018-10-10,237000.0,56.0,69001.0,4.831424,45.772909999999996
1558208,2018-10-09,370000.0,92.0,69001.0,4.82624,45.770068
1558209,2018-09-28,633050.0,126.0,69002.0,4.82554,45.751886
1558210,2018-10-15,185000.0,79.0,69005.0,4.790437,45.758309000000004
1558212,2018-10-09,365500.0,65.0,69001.0,4.833896,45.771883
1558213,2018-10-23,292700.0,79.0,69005.0,4.827425,45.762508000000004
1558215,2018-10-19,148000.0,43.0,69005.0,4.827376,45.761323
1558220,2018-10-12,160000.0,54.0,69009.0,4.806787,45.762556
1558224,2018-10-24,104000.0,52.0,69009.0,4.825579,45.802149
1558225,2018-10-29,66000.0,18.0,69009.0,4.800599,45.776531
1558227,2018-10-31,392895.0,75.0,69001.0,4.833811,45.772704
1558229,2018-10-30,172000.0,34.0,69001.0,4.823761,45.772358000000004
1558230,2018-11-08,235000.0,44.0,69005.0,4.824657,45.757483
1558232,2018-11-23,214290.0,53.0,69009.0,4.801148,45.77919
1558233,2018-11-09,212410.0,36.0,69001.0,4.8301099999999995,45.768609000000005
1558242,2018-10-26,258300.0,96.0,69005.0,4.798311,45.755752
1558255,2018-11-08,276400.0,67.0,69009.0,4.805213,45.771314000000004
1558258,2018-11-26,230300.0,40.0,69001.0,4.8348949999999995,45.77433
1558259,2018-11-19,291750.0,46.0,69004.0,4.835247,45.780097999999995
1558260,2018-11-12,189000.0,30.0,69002.0,4.833205,45.759852
1558263,2018-11-12,159000.0,49.0,69001.0,4.8336760000000005,45.770688
1558266,2018-11-30,190000.0,77.0,69009.0,4.788012,45.764905999999996
1558267,2018-11-23,340000.0,82.0,69001.0,4.834294,45.771679
1558270,2018-11-28,155000.0,51.0,69009.0,4.790103,45.764871
1558271,2018-11-14,665550.0,130.0,69001.0,4.836616,45.765954
1558276,2018-12-21,472500.0,94.0,69005.0,4.78365,45.752891
1558279,2018-12-05,509500.0,151.0,69005.0,4.786933,45.762566
1558281,2018-12-06,260000.0,33.0,69009.0,4.816273000000001,45.766524
1558282,2018-12-06,260000.0,51.0,69009.0,4.816273000000001,45.766524
1558285,2018-12-20,154370.0,35.0,69009.0,4.807505,45.771719
1558288,2018-12-13,258200.0,30.0,69004.0,4.828345,45.775259999999996
1558294,2018-12-28,300000.0,94.0,69005.0,4.798871,45.754653000000005
1558297,2018-12-27,130000.0,33.0,69004.0,4.816904,45.777446999999995
1558298,2018-12-13,174000.0,43.0,69004.0,4.838248,45.774438
1558309,2018-12-13,846154.0,30.0,69004.0,4.8326400000000005,45.778534
1558310,2018-12-13,846154.0,64.0,69004.0,4.8326400000000005,45.778534
1558311,2018-12-13,846154.0,36.0,69004.0,4.8326400000000005,45.778534
1558312,2018-12-13,846154.0,30.0,69004.0,4.8326400000000005,45.778534
1558313,2018-12-13,846154.0,53.0,69004.0,4.8326400000000005,45.778534
1558325,2018-12-18,74000.0,38.0,69005.0,4.819761,45.756042
1558330,2018-12-20,451835.0,80.0,69001.0,4.831462999999999,45.767102
1558333,2018-12-21,159000.0,18.0,69002.0,4.829199,45.749588
1558334,2018-12-21,159000.0,17.0,69002.0,4.829199,45.749588
1558335,2018-12-21,159000.0,18.0,69002.0,4.829199,45.749588
1558337,2018-12-28,231000.0,40.0,69005.0,4.824292,45.759963
1558338,2018-12-18,336000.0,86.0,69009.0,4.807256,45.771667
1558344,2018-12-21,228000.0,61.0,69009.0,4.80356,45.77615
1558346,2018-12-21,352750.0,79.0,69005.0,4.815604,45.755584000000006
1558347,2018-12-27,250000.0,70.0,69001.0,4.831563,45.769729
1558349,2018-12-21,185550.0,41.0,69009.0,4.802204,45.771421000000004
1558350,2018-12-18,450000.0,89.0,69004.0,4.838223999999999,45.779641999999996
1558352,2018-12-20,138500.0,35.0,69009.0,4.802204,45.771421000000004
1558360,2018-12-21,300000.0,53.0,69004.0,4.826813,45.774336
1558364,2018-12-21,141000.0,25.0,69001.0,4.837011,45.769177
1558367,2018-12-28,90000.0,18.0,69002.0,4.820142,45.744794
1558369,2018-12-21,320000.0,102.0,69009.0,4.813067,45.766366999999995
1558370,2018-12-21,320000.0,61.0,69009.0,4.813067,45.766366999999995
1558379,2018-12-31,357600.0,91.0,69005.0,4.8185720000000005,45.755204
1558380,2018-12-26,236000.0,34.0,69009.0,4.8015099999999995,45.77068
1558387,2018-12-27,226500.0,36.0,69002.0,4.832612,45.762214
1558389,2018-12-28,148000.0,54.0,69009.0,4.794352,45.77109
1558393,2018-12-27,105000.0,18.0,69002.0,4.829199,45.749588
1558394,2018-12-27,105000.0,18.0,69002.0,4.829199,45.749588
1558398,2018-12-28,303790.0,66.0,69009.0,4.799737,45.772419
1558401,2018-12-28,217260.0,85.0,69001.0,4.829494,45.773373
1558402,2018-12-28,802500.0,58.0,69002.0,4.834828,45.763093
1558403,2018-12-28,802500.0,60.0,69002.0,4.834828,45.763093
1558404,2018-12-28,802500.0,117.0,69002.0,4.834322,45.756837
1558407,2018-12-26,282910.0,46.0,69001.0,4.834563,45.768069
1558412,2018-12-11,130000.0,77.0,69009.0,4.788012,45.764905999999996
1558416,2018-12-26,137500.0,54.0,69009.0,4.802604,45.775383000000005
1558418,2018-12-20,902550.0,188.0,69002.0,4.82075,45.747318
1558420,2018-01-05,92000.0,19.0,69008.0,4.861561,45.741663
1558422,2018-01-05,180550.0,61.0,69003.0,4.877533000000001,45.753847
1558425,2018-01-05,320300.0,75.0,69007.0,4.82431,45.736333
1558428,2018-01-08,140000.0,43.0,69006.0,4.864568,45.765685999999995
1558430,2018-01-04,170000.0,64.0,69007.0,4.825887000000001,45.738143
1558431,2018-01-04,267000.0,66.0,69007.0,4.835548999999999,45.733942
1558432,2018-01-04,191300.0,76.0,69008.0,4.862121,45.739083
1558437,2018-01-11,77000.0,24.0,69008.0,4.877237,45.728051
1558440,2018-01-17,322580.0,50.0,69006.0,4.845984,45.771341
1558448,2018-01-19,560000.0,145.0,69003.0,4.871948000000001,45.748259000000004
1558450,2018-01-11,683000.0,72.0,69008.0,4.877237,45.728051
1558457,2018-03-08,277000.0,95.0,69003.0,4.87009,45.761868
1558458,2018-04-17,137750.0,44.0,69003.0,4.869194,45.76343
1558459,2018-04-26,130950.0,56.0,69007.0,4.8511489999999995,45.740652000000004
1558460,2018-04-26,130950.0,56.0,69007.0,4.8511489999999995,45.740652000000004
1558461,2018-04-30,939000.0,188.0,69006.0,4.841851999999999,45.767112
1558466,2018-06-01,646400.0,121.0,69006.0,4.8536019999999995,45.770689000000004
1558468,2018-06-08,159000.0,47.0,69008.0,4.869190000000001,45.738774
1558469,2018-05-29,192000.0,47.0,69003.0,4.849292,45.756165
1558471,2018-06-20,154540.0,42.0,69008.0,4.855211,45.735149
1558479,2018-07-05,930000.0,51.0,69003.0,4.875749,45.758126000000004
1558480,2018-07-05,930000.0,123.0,69003.0,4.875749,45.758126000000004
1558481,2018-07-05,930000.0,63.0,69003.0,4.875749,45.758126000000004
1558493,2018-08-03,465000.0,90.0,69006.0,4.856491,45.770096
1558494,2018-07-25,208050.0,44.0,69006.0,4.848278,45.767340000000004
1558497,2018-07-25,195000.0,50.0,69007.0,4.8510290000000005,45.747528
1558498,2018-08-09,244000.0,57.0,69003.0,4.854561,45.755882
1558500,2018-07-31,198200.0,43.0,69007.0,4.8495029999999995,45.747824
1558502,2018-08-03,102000.0,31.0,69007.0,4.826011,45.736948
1558505,2018-08-03,290465.0,40.0,69006.0,4.843194,45.770238
1558507,2018-08-08,302000.0,73.0,69008.0,4.87459,45.741296999999996
1558509,2018-07-26,129000.0,41.0,69008.0,4.8790510000000005,45.740169
1558510,2018-08-09,131000.0,53.0,69008.0,4.881047,45.726755
1558511,2018-08-02,229450.0,68.0,69007.0,4.856875,45.748104999999995
1558513,2018-08-07,130000.0,30.0,69003.0,4.868008000000001,45.749357
1558515,2018-07-27,183000.0,45.0,69008.0,4.8644419999999995,45.743856
1558516,2018-08-24,270000.0,60.0,69007.0,4.842626999999999,45.74715
1558517,2018-07-27,385000.0,110.0,69008.0,4.8539129999999995,45.734013
1558521,2018-07-28,130720.0,28.0,69003.0,4.868947,45.748882
1558522,2018-07-17,201100.0,82.0,69008.0,4.875302,45.730463
1558524,2018-07-30,343650.0,72.0,69007.0,4.839942,45.748318
1558525,2018-08-27,227100.0,60.0,69003.0,4.84698,45.756104
1558527,2018-08-08,247100.0,56.0,69008.0,4.866694,45.745272
1558528,2018-07-13,346010.0,65.0,69006.0,4.85536,45.770367
1558529,2018-08-28,180000.0,56.0,69007.0,4.848972,45.74325
1558530,2018-08-10,100000.0,19.0,69007.0,4.842741999999999,45.754096999999994
1558533,2018-08-30,175000.0,47.0,69003.0,4.850429,45.756696000000005
1558534,2018-08-27,325000.0,63.0,69003.0,4.864564,45.7554
1558537,2018-08-27,207000.0,52.0,69003.0,4.871576,45.758863
1558539,2018-08-10,315000.0,79.0,69003.0,4.851483,45.754816
1558540,2018-08-28,247350.0,65.0,69007.0,4.848594,45.751121999999995
1558541,2018-08-08,83000.0,26.0,69008.0,4.874949,45.724466
1558542,2018-08-06,297000.0,70.0,69003.0,4.875099,45.750605
1558544,2018-08-30,207970.0,56.0,69003.0,4.874936,45.747334
1558546,2018-08-01,247000.0,57.0,69007.0,4.842642,45.752435999999996
1558547,2018-08-30,200100.0,50.0,69007.0,4.838545,45.742784
1558549,2018-08-27,221000.0,51.0,69003.0,4.89354,45.752340000000004
1558550,2018-08-27,280000.0,69.0,69008.0,4.8729,45.744597
1558552,2018-08-30,183150.0,43.0,69008.0,4.876681,45.738315
1558555,2018-08-29,263700.0,70.0,69003.0,4.872128,45.760158000000004
1558558,2018-08-30,284600.0,66.0,69007.0,4.83915,45.737409
1558560,2018-08-28,145050.0,27.0,69007.0,4.841491,45.748497
1558561,2018-09-03,335100.0,70.0,69007.0,4.8554949999999995,45.748598
1558564,2018-08-06,92500.0,17.0,69003.0,4.851334,45.755833
1558566,2018-08-21,140600.0,81.0,69008.0,4.872599,45.72632
1558567,2018-08-21,504700.0,85.0,69006.0,4.846512000000001,45.767032
1558570,2018-08-07,339200.0,86.0,69007.0,4.838977,45.736035
1558572,2018-08-25,182200.0,39.0,69003.0,4.863468,45.75627
1558573,2018-08-24,258000.0,78.0,69007.0,4.829109,45.733046
1558575,2018-08-29,322586.0,70.0,69003.0,4.869222,45.748026
1558577,2018-08-29,165000.0,43.0,69003.0,4.877415,45.753073
1558580,2018-08-24,371000.0,85.0,69003.0,4.855804,45.754509999999996
1558582,2018-08-21,286000.0,88.0,69003.0,4.869041999999999,45.760571999999996
1558584,2018-08-24,114552.0,31.0,69007.0,4.847649,45.746432
1558586,2018-08-21,519800.0,126.0,69007.0,4.832069000000001,45.735991
1558587,2018-09-06,117300.0,30.0,69007.0,4.845651999999999,45.749856
1558588,2018-09-03,80000.0,18.0,69008.0,4.861561,45.741663
1558590,2018-08-27,196200.0,45.0,69003.0,4.87009,45.761868
1558592,2018-08-20,246625.0,56.0,69003.0,4.871581,45.747271000000005
1558593,2018-08-20,269800.0,60.0,69006.0,4.855517,45.766794
1558594,2018-09-04,120000.0,32.0,69006.0,4.8643160000000005,45.765565
1558595,2018-08-23,86000.0,24.0,69007.0,4.826871,45.738371
1558596,2018-09-03,194000.0,52.0,69006.0,4.8643,45.765383
1558597,2018-09-06,108000.0,33.0,69007.0,4.840287,45.753704
1558599,2018-08-03,549500.0,92.0,69003.0,4.872199,45.745813
1558604,2018-08-30,264000.0,65.0,69003.0,4.854491,45.752481
1558605,2018-09-07,107300.0,53.0,69008.0,4.88299,45.723054
1558606,2018-09-03,489400.0,88.0,69003.0,4.841857,45.760451
1558608,2018-09-03,242000.0,55.0,69007.0,4.842373,45.751546000000005
1558609,2018-09-03,170000.0,52.0,69006.0,4.847582,45.764965999999994
1558610,2018-09-06,166000.0,73.0,69008.0,4.886341000000001,45.733477
1558611,2018-08-28,291600.0,70.0,69007.0,4.851396,45.750378000000005
1558612,2018-08-27,405000.0,91.0,69003.0,4.891464,45.752015
1558614,2018-08-31,177000.0,57.0,69003.0,4.876009,45.751406
1558616,2018-09-17,230400.0,42.0,69003.0,4.858656,45.751481
1558618,2018-09-14,174000.0,46.0,69003.0,4.870016000000001,45.758573999999996
1558621,2018-09-19,157900.0,39.0,69003.0,4.849779,45.757163
1558623,2018-08-23,180000.0,39.0,69003.0,4.868164,45.757359
1558624,2018-09-17,190000.0,34.0,69006.0,4.852969,45.771215999999995
1558626,2018-09-18,262000.0,69.0,69003.0,4.864787000000001,45.763124
1558627,2018-09-17,167000.0,53.0,69003.0,4.851132,45.75397
1558633,2018-09-07,265430.0,68.0,69008.0,4.863065,45.739836
1558635,2018-09-12,263150.0,70.0,69003.0,4.87069,45.758977
1558637,2018-08-31,178000.0,43.0,69003.0,4.856258,45.75592
1558638,2018-09-12,300000.0,108.0,69003.0,4.887169,45.741172999999996
1558640,2018-09-19,190250.0,59.0,69003.0,4.866261,45.755827000000004
1558641,2018-09-06,418500.0,63.0,69007.0,4.852348999999999,45.741276
1558643,2018-09-25,139500.0,52.0,69008.0,4.881047,45.726755
1558644,2018-09-10,88500.0,18.0,69003.0,4.841824,45.756418
1558645,2018-09-11,143000.0,56.0,69008.0,4.880822,45.728095
1558647,2018-09-11,200000.0,68.0,69007.0,4.830548,45.735796
1558649,2018-09-06,93600.0,19.0,69006.0,4.846668,45.771218
1558651,2018-08-29,414306.0,87.0,69003.0,4.867816,45.74965
1558654,2018-09-20,408000.0,95.0,69003.0,4.856014,45.752781
1558655,2018-09-14,255900.0,42.0,69006.0,4.8464849999999995,45.769878999999996
1558656,2018-09-19,575000.0,125.0,69007.0,4.845001,45.749958
1558658,2018-10-02,192000.0,40.0,69008.0,4.864369,45.74615
1558659,2018-09-10,237000.0,18.0,69008.0,4.861909,45.74481
1558660,2018-09-10,237000.0,17.0,69008.0,4.861909,45.74481
1558663,2018-09-10,237000.0,18.0,69008.0,4.861909,45.74481
1558664,2018-09-28,180000.0,52.0,69003.0,4.891687,45.753190999999994
1558665,2018-09-21,783200.0,112.0,69006.0,4.847532,45.77043
1558671,2018-09-14,313000.0,84.0,69007.0,4.846154,45.744782
1558672,2018-09-20,132000.0,23.0,69003.0,4.847427,45.754692
1558673,2018-09-20,371250.0,90.0,69003.0,4.85302,45.751988
1558678,2018-09-21,294900.0,85.0,69008.0,4.873233,45.738419
1558679,2018-09-28,193600.0,45.0,69008.0,4.880081,45.738482
1558680,2018-09-20,265900.0,68.0,69003.0,4.881546,45.746807000000004
1558682,2018-09-25,430000.0,83.0,69003.0,4.840972,45.756857000000004
1558683,2018-09-26,332000.0,69.0,69003.0,4.84879,45.759397
1558684,2018-10-02,228000.0,65.0,69003.0,4.882583,45.747209999999995
1558687,2018-10-01,303000.0,70.0,69007.0,4.845248000000001,45.744718
1558688,2018-09-24,283830.0,71.0,69008.0,4.86486,45.738784
1558691,2018-10-08,435000.0,94.0,69007.0,4.845899,45.753966999999996
1558692,2018-09-17,245800.0,50.0,69007.0,4.850681,45.749885
1558693,2018-09-20,100000.0,35.0,69007.0,4.842677,45.751288
1558694,2018-10-08,125000.0,35.0,69007.0,4.848972,45.74325
1558695,2018-09-25,198400.0,51.0,69007.0,4.853611,45.750075
1558699,2018-10-10,152000.0,33.0,69007.0,4.838057,45.747842999999996
1558701,2018-10-04,254000.0,46.0,69006.0,4.864049,45.764313
1558703,2018-10-08,155000.0,48.0,69003.0,4.880568,45.754016
1558704,2018-10-05,267000.0,66.0,69003.0,4.864278,45.762664
1558706,2018-09-17,123500.0,52.0,69008.0,4.879614,45.726216
1558708,2018-09-28,300000.0,35.0,69008.0,,
1558711,2018-09-28,300000.0,23.0,69008.0,,
1558712,2018-09-28,300000.0,43.0,69008.0,,
1558714,2018-10-03,254670.0,58.0,69007.0,4.842373,45.751546000000005
1558715,2018-09-17,350600.0,74.0,69008.0,4.872637999999999,45.744802
1558717,2018-09-24,233000.0,64.0,69008.0,4.879924,45.740768
1558719,2018-09-20,218500.0,56.0,69008.0,4.867045,45.742573
1558724,2018-09-19,415550.0,108.0,69003.0,4.865661,45.758109000000005
1558725,2018-09-27,225000.0,103.0,69008.0,4.851623,45.730281
1558728,2018-09-21,590000.0,96.0,69006.0,4.844532,45.775552000000005
1558729,2018-10-08,313000.0,77.0,69008.0,4.873629,45.733171999999996
1558739,2018-09-28,115000.0,26.0,69003.0,4.869339,45.75971
1558741,2018-09-27,130000.0,26.0,69003.0,4.842877,45.762864
1558743,2018-10-11,305500.0,69.0,69007.0,4.848358999999999,45.748135
1558744,2018-10-19,425800.0,86.0,69007.0,4.853937999999999,45.749334000000005
1558747,2018-09-26,277000.0,120.0,69003.0,4.873566,45.755761
1558748,2018-09-26,277000.0,88.0,69003.0,4.873566,45.755761
1558750,2018-09-26,200800.0,72.0,69008.0,4.853008,45.734812
1558751,2018-09-27,264650.0,72.0,69003.0,4.884607,45.747858
1558753,2018-10-08,195800.0,81.0,69008.0,4.875973999999999,45.727402000000005
1558754,2018-10-18,302250.0,98.0,69003.0,4.8724940000000005,45.754203000000004
1558756,2018-09-07,85000.0,35.0,69007.0,4.839679,45.747501
1558757,2018-10-16,222000.0,52.0,69003.0,4.855506,45.75464
1558760,2018-10-10,700000.0,38.0,69003.0,4.86724,45.755508
1558761,2018-10-10,700000.0,35.0,69003.0,4.86724,45.755508
1558763,2018-10-10,700000.0,31.0,69003.0,4.86724,45.755508
1558764,2018-10-10,700000.0,35.0,69003.0,4.86724,45.755508
1558765,2018-10-10,700000.0,33.0,69003.0,4.86724,45.755508
1558766,2018-10-10,700000.0,24.0,69003.0,4.86724,45.755508
1558770,2018-10-16,265000.0,42.0,69007.0,4.850355,45.742282
1558772,2018-10-16,265000.0,55.0,69007.0,4.850355,45.742282
1558774,2018-10-18,175000.0,46.0,69008.0,4.851198999999999,45.735125
1558777,2018-10-10,335000.0,71.0,69007.0,4.8551,45.749543
1558778,2018-10-17,70000.0,20.0,69003.0,4.869194,45.76343
1558779,2018-10-17,70000.0,50.0,69003.0,4.869194,45.76343
1558781,2018-10-24,249920.0,95.0,69008.0,4.87544,45.726124
1558783,2018-10-19,155000.0,42.0,69007.0,4.8449919999999995,45.747907
1558784,2018-10-26,122000.0,44.0,69008.0,4.865553,45.734328999999995
1558786,2018-10-17,190000.0,37.0,69003.0,4.847214,45.756359
1558787,2018-11-05,215000.0,44.0,69007.0,4.8495989999999995,45.748267999999996
1558790,2018-10-12,86000.0,19.0,69007.0,4.850097,45.74284
1558791,2018-10-23,161800.0,36.0,69007.0,4.851694,45.742655
1558794,2018-10-17,263000.0,68.0,69003.0,4.893828,45.75278
1558796,2018-10-15,333400.0,68.0,69008.0,4.861596,45.744507
1558797,2018-10-22,239166.0,49.0,69003.0,4.854751,45.754639000000005
1558798,2018-10-18,185500.0,40.0,69007.0,4.834828,45.743598
1558799,2018-11-09,157500.0,66.0,69008.0,4.870638,45.730022999999996
1558802,2018-10-18,543700.0,106.0,69007.0,4.847283999999999,45.75206
1558804,2018-10-26,185000.0,66.0,69003.0,4.866736,45.763521999999995
1558807,2018-10-29,230000.0,111.0,69008.0,4.881842,45.723095
1558808,2018-10-18,215000.0,60.0,69007.0,4.828894999999999,45.733558
1558811,2018-10-31,60500.0,18.0,69007.0,4.855729,45.750499
1558813,2018-11-06,291200.0,63.0,69003.0,4.865098000000001,45.759095
1558815,2018-10-26,120000.0,43.0,69007.0,4.845187999999999,45.745166999999995
1558816,2018-10-30,149000.0,26.0,69003.0,4.872199,45.745813
1558818,2018-11-09,564780.0,104.0,69003.0,4.843128,45.758342999999996
1558821,2018-11-19,248400.0,67.0,69003.0,4.885946,45.749824
1558822,2018-11-23,129000.0,33.0,69007.0,4.836988,45.743144
1558823,2018-11-16,173000.0,50.0,69008.0,4.867342,45.740071
1558825,2018-11-20,248000.0,56.0,69007.0,4.8416120000000005,45.755122
1558826,2018-11-16,635485.0,79.0,69006.0,4.856236,45.765031
1558828,2018-11-13,312000.0,67.0,69007.0,4.854337,45.747989000000004
1558829,2018-11-20,152700.0,39.0,69003.0,4.879835,45.753271000000005
1558830,2018-10-30,183000.0,43.0,69007.0,4.837806,45.742816999999995
1558835,2018-11-21,230000.0,49.0,69003.0,4.849894,45.757031
1558836,2018-11-19,417600.0,96.0,69003.0,4.865808,45.760416
1558841,2018-10-31,220000.0,69.0,69003.0,4.870782,45.756119
1558842,2018-11-12,280000.0,65.0,69007.0,4.840855,45.742641
1558936,2018-11-07,214000.0,52.0,69003.0,4.850345,45.758716
1558938,2018-10-29,165000.0,37.0,69003.0,4.884455,45.753878
1558940,2018-11-14,593000.0,99.0,69007.0,4.833787,45.735589000000004
1558943,2018-11-09,794000.0,121.0,69006.0,4.844873000000001,45.768329
1558948,2018-11-21,354400.0,66.0,69007.0,4.855532,45.7499
1558950,2018-10-30,295000.0,47.0,69006.0,4.84734,45.77032
1558951,2018-11-14,170000.0,68.0,69008.0,4.862576,45.739814
1558953,2018-11-09,526000.0,126.0,69006.0,4.84242,45.764447
1558955,2018-11-15,175000.0,32.0,69006.0,4.865056,45.765606
1558956,2018-11-13,126000.0,18.0,69007.0,4.8461110000000005,45.750865999999995
1558957,2018-11-12,176121.0,66.0,69007.0,4.829093,45.730393
1558958,2018-11-28,177000.0,57.0,69003.0,4.87286,45.752158
1558959,2018-11-28,150000.0,37.0,69003.0,4.89555,45.746271
1558961,2018-12-03,263400.0,51.0,69003.0,4.846706,45.758093
1558963,2018-12-05,152270.0,37.0,69008.0,4.877182,45.739974
1558965,2018-11-29,235000.0,64.0,69007.0,4.83844,45.73672
1558966,2018-12-05,455000.0,91.0,69003.0,4.852931,45.763378
1558971,2018-12-12,94000.0,19.0,69007.0,4.839415,45.753228
1558972,2018-12-21,317800.0,71.0,69007.0,4.8344059999999995,45.747347999999995
1558973,2018-12-10,90000.0,29.0,69003.0,4.868252,45.759865999999995
1558975,2018-12-11,162500.0,75.0,69008.0,4.863194,45.731154
1558976,2018-12-14,240000.0,37.0,69003.0,4.868252,45.759865999999995
1558977,2018-12-14,240000.0,33.0,69003.0,4.868252,45.759865999999995
1558978,2018-12-14,240000.0,29.0,69003.0,4.868252,45.759865999999995
1558979,2018-12-19,283038.0,58.0,69007.0,4.843649,45.754759
1558982,2018-12-12,78000.0,40.0,69008.0,4.8731,45.725229
1558985,2018-12-05,262040.0,62.0,69007.0,4.837903,45.735923
1558987,2018-12-18,210000.0,61.0,69003.0,4.870217,45.754774
1558990,2018-12-19,262500.0,67.0,69007.0,4.831444,45.728476
1558998,2018-12-28,190000.0,47.0,69003.0,4.8784,45.743918
1559000,2018-12-14,215000.0,58.0,69003.0,4.868304,45.755885
1559003,2018-12-27,419000.0,80.0,69006.0,4.852609999999999,45.765312
1559005,2018-12-27,228900.0,66.0,69008.0,4.886623,45.731190999999995
1559011,2018-12-20,70000.0,18.0,69003.0,4.858683999999999,45.754407
1559014,2018-12-27,227000.0,94.0,69008.0,4.863194,45.731154
1559015,2018-12-21,442400.0,94.0,69008.0,4.862545,45.74378
1559017,2018-12-28,206840.0,57.0,69003.0,4.874498,45.754816
1559059,2018-12-28,180000.0,62.0,69008.0,4.860307,45.743388
1559061,2018-12-28,885000.0,169.0,69006.0,4.845984,45.771341
1559063,2018-12-28,885000.0,140.0,69006.0,4.845984,45.771341
1559064,2018-12-28,885000.0,53.0,69006.0,4.845984,45.771341
